"gene","id.x","KMS11_EXP","MM1S_EXP","RPMI_EXP","id.y","KMS11_VAR","MM1S_VAR","RPMI_VAR","id","KMS11_CNV","MM1S_CNV","RPMI_CNV","-log10(BGFPS)","changepoints"
"LRRN1","LRRN1",9.865314164,8.30559667,4.41331651,"chr3;3887863;3887863;C;T",2.321928097,0.002885391,0.002885391,"3:3483773:4994260",1.65203,2.06624,2.06499,0.583,1
"TSGA10","TSGA10",5.634787822,4.975657697,3.618497096,"chr2;99725393;99725393;C;T",10.96506276,0.002885391,0.002885391,"2:98156083:101009015",1.65462,2.05963,2.07677,0.683,1
"IQSEC1","IQSEC1",10.92245804,11.97285058,11.75000347,"chr3;12940467;12940467;C;T",1.688055992,0.002885391,0.002885391,"3:12577120:13141194",1.68843,2.07805,2.07417,0.733,1
"TXNDC15","TXNDC15",9.845990203,10.59575166,10.96021919,"chr5;134223432;134223432;C;A",1.300659477,0.002885391,0.002885391,"5:134068699:135087461",1.67765,1.98113,1.94425,0.833,1
"C2orf49","C2orf49",7.123324766,7.892081323,8.167754317,"chr2;105962131;105962131;T;C",10.96506276,0.002885391,0.002885391,"2:104934246:106881954",1.68099,2.05907,2.09794,0.9,NA
"CCDC138","CCDC138",9.218541441,9.177250092,9.006575741,"chr2;109408208;109408208;G;A",10.96506276,0.002885391,0.002885391,"2:108282388:109763249",1.68933,2.08047,2.09757,0.917,NA
"SLC25A38","SLC25A38",9.464502867,10.6082271,10.25870735,"chr3;39433037;39433037;A;G",1.584962501,0.002885391,0.002885391,"3:38277483:39908110",1.66493,2.05372,2.06214,0.917,NA
"POC1A","POC1A",9.028552577,9.779880193,9.63733673,"chr3;52109841;52109841;T;C",2.055853235,0.002885391,0.002885391,"3:51607294:52968763",1.66753,1.99747,2.06588,0.95,NA
"DPP10","DPP10",9.125439302,4.846819227,0,"chr2;116510817;116510817;G;C",10.96506276,0.002885391,0.002885391,"2:115110346:115627908",1.69998,2.23706,2.12606,0.967,NA
"HLA-DPB1","HLA-DPB1",9.914536121,9.782744364,3.479489271,"chr6;33048599;33048599;C;A",10.96506276,0.002885391,0.002885391,"6:33048698:33051887",1.56807,2.01202,1.95384,0.983,NA
"MAML1","MAML1",10.05073295,10.64097695,10.44420737,"chr5;179201847;179201847;G;A",10.96506276,0.002885391,0.002885391,"5:178840002:180560627",1.68912,1.9784,1.90759,0.983,NA
"ATG12","ATG12",9.635284612,10.63692364,10.51821054,"chr5;115167266;115167266;G;A",10.96506276,0.002885391,0.002885391,"5:115130820:115591737",1.68008,2.20788,2.21335,1,NA
"FGFR3","FGFR3",15.4791708,4.372422827,4.811327165,"chr4;1806099;1806099;A;G",10.96506276,0.002885391,0.002885391,"4:1526110:1865869",1.67705,2.08115,1.89373,1.05,NA
"SHBG","SHBG",4.793360103,0,0,"chr17;7532472;7532472;T;C",1.716207033,0.002885391,0.002885391,"17:7340887:7539414",1.31731,1.91588,1.7873,1.1,NA
"ATXN7","ATXN7",9.614350966,10.38860931,10.50707113,"chr3;63982082;63982082;G;A",10.96506276,1.669851397,0.50250034,"3:63675291:65187405",1.67313,2.09906,2.08355,1.117,NA
"SQSTM1","SQSTM1",12.5123553,13.11001343,12.92849062,"chr5;179247946;179247946;C;G",0.847996907,0.002885391,0.002885391,"5:178840002:180560627",1.68912,1.9784,1.90759,1.133,NA
"IWS1","IWS1",10.85266995,10.98250166,11.17607339,"chr2;128283989;128283989;G;A",10.96506276,0.002885391,0.002885391,"2:127678163:128445127",1.64576,1.99062,2.07046,1.15,NA
"NUP210","NUP210",14.07760853,14.32680865,14.33658327,"chr3;13395579;13395579;C;A",1.941897047,1.30256277,6.254241285,"3:13325280:14178112",1.68843,2.07287,2.0475,1.183,NA
"DND1","DND1",6.393239422,6.761843731,6.259093552,"chr5;140051282;140051282;G;C",10.96506276,0.002885391,0.002885391,"5:139920049:140083166",1.69358,1.93456,1.9284,1.25,NA
"SPCS1","SPCS1",12.67598128,13.38995393,13.25933134,"chr3;52740182;52740182;C;G",8.463524249,1.717717709,0.890486516,"3:51607294:52968763",1.66753,1.99747,2.06588,1.3,NA
"NR2C2","NR2C2",10.60523874,11.53176645,10.95581698,"chr3;15088903;15088903;A;C",0.932885804,0.002885391,0.002885391,"3:14296571:15708124",1.68739,2.07287,2.08622,1.317,NA
"SAR1B","SAR1B",11.24763681,11.7269589,11.04200815,"chr5;133939360;133939360;G;A",4.392317421,0.002885391,0.002885391,"5:133706803:133990908",1.67765,1.99301,1.94425,1.35,NA
"UGGT1","UGGT1",12.57869818,12.72846051,12.78365922,"chr2;128951720;128951720;A;G",1.137503524,0.485426828,0.169925,"2:128518170:129639960",1.64576,2,2.07046,1.4,NA
"HARS2","HARS2",9.51494676,10.2156786,9.749376716,"chr5;140078405;140078405;C;T",10.96506276,0.026717338,0.002885391,"5:139920049:140083166",1.69358,1.93456,1.9284,1.417,NA
"CNTROB","CNTROB",8.857984104,9.930542206,9.524731711,"chr17;7847955;7847955;C;A",10.96506276,0.002885391,0.002885391,"17:7796391:8051664",1.2649,1.94168,1.7873,1.5,NA
"PRKAR2A","PRKAR2A",9.884382709,10.05241861,10.68568616,"chr3;48787856;48787856;T;C",2.415037498,1.440572593,1.347923304,"3:48721867:48920341",1.66753,1.99747,2.03961,1.5,NA
"ARHGAP5","ARHGAP5",10.51897765,10.01417394,10.12807168,"chr14;32625851;32625851;G;A",1.137503524,0.002885391,0.002885391,"14:32590769:32630508",1.67356,2.16302,1.81822,1.55,NA
"SLC25A46","SLC25A46",11.18098449,11.6530197,11.36441375,"chr5;110097749;110097749;G;A",10.96506276,0.002885391,0.002885391,"5:109969303:110902900",1.69046,2.21008,2.28915,1.567,NA
"HACL1","HACL1",8.983007831,9.3829201,9.062442858,"chr3;15621498;15621498;T;G",0.817135943,0.002885391,0.002885391,"3:14296571:15708124",1.68739,2.07287,2.08622,1.583,NA
"POLR1B","POLR1B",11.07580669,11.68870053,11.976514,"chr2;113334241;113334241;A;G",3.247927517,1.584962501,2.321928097,"2:113099520:113502283",1.66333,2.01071,2.07995,1.6,NA
"MYOM2","MYOM2",11.14859098,12.85564133,6.259093552,"chr8;2048831;2048831;A;G",10.96506276,0.002885391,0.002885391,"8:2034167:2041952",1.64551,1.98683,1.80318,1.617,NA
"DCP2","DCP2",11.06491114,12.47462109,11.74337022,"chr5;112349207;112349207;C;A",1.509013647,0.002885391,0.002885391,"5:111242232:113090174",1.68008,2.16423,2.21207,1.65,NA
"SLC25A26","SLC25A26",8.547912474,8.136755342,8.974578067,"chr3;66287056;66287056;G;A",10.96506276,0.520832165,1.364996816,"3:65217449:66469679",1.68135,2.09906,2.08355,1.65,NA
"SLC26A2","SLC26A2",9.801924949,10.45088132,9.968277991,"chr5;149364833;149364833;T;C",10.96506276,0.002885391,0.002885391,"5:148895313:150177109",1.6768,1.99311,1.89708,1.667,NA
"NT5DC2","NT5DC2",9.264053137,8.68116812,12.87467595,"chr3;52562324;52562324;G;A",2,0.002885391,0.010786556,"3:51607294:52968763",1.66753,1.99747,2.06588,1.667,NA
"CUL7","CUL7",9.266289943,9.154744707,10.27586842,"chr6;43014815;43014815;G;A",1.688055992,0.002885391,0.002885391,"6:43013980:43025862",1.44327,1.95169,2.03199,1.683,NA
"ESCO2","ESCO2",10.73639347,11.01096861,9.659644538,"chr8;27634064;27634064;C;T",10.96506276,0.002885391,0.002885391,"8:27001430:27637303",1.69724,1.93141,1.78805,1.733,NA
"SETD2","SETD2",11.59882948,11.99992955,12.38863353,"chr3;47125385;47125385;G;A",1.730392939,10.96506276,0.002885391,"3:46850415:47487754",1.66493,2.01049,2.07878,1.75,NA
"TSNARE1","TSNARE1",5.715635331,5.931522328,5.755587307,"chr8;143413136;143413136;C;T",10.96506276,0.002885391,0.002885391,"8:142896616:143720546",1.5868,2.05011,1.99732,1.767,NA
"SAP30L","SAP30L",9.470339595,10.40490738,9.025438593,"chr5;153837592;153837592;T;C",10.96506276,0.002885391,0.002885391,"5:153450434:155308479",1.67562,2.0197,1.89708,1.783,NA
"TCF3","TCF3",13.03501212,13.05669529,11.69264165,"chr19;1619816;1619816;G;A",0.997168409,0.013115501,0.002885391,"19:1627819:1628733",1.58973,2.17119,2.09703,1.8,NA
"RBMXL1","RBMXL1",8.422859502,9.604386434,9.108111452,"chr1;89449523;89449523;G;A",1.765534744,0.002885391,0.002885391,"1:89102024:89478753",1.67596,2.21814,1.80887,1.883,NA
"MCC","MCC",9.848992173,11.73000728,7.664987638,"chr5;112362424;112362424;G;A",10.96506276,0.019763255,0.002885391,"5:111242232:113090174",1.68008,2.16423,2.21207,1.9,NA
"RPS13","RPS13",12.9204794,13.54670157,13.56955897,"chr11;17095959;17095959;T;C",0.948774675,0.602664503,0.682809823,"11:16847692:17299604",1.68944,2.04209,1.7965,1.917,NA
"ARID5A","ARID5A",11.2126666,12.59963859,11.62828604,"chr2;97216316;97216316;T;G",0.961525851,0.621488376,0.111031311,"2:95347033:97767092",1.68725,1.96244,2.04621,1.967,NA
"LYPLA1","LYPLA1",11.75800663,12.17925289,11.91588311,"chr8;54959037;54959037;A;G",10.96506276,0.002885391,0.002885391,"8:54125263:55210088",1.66839,2.11491,1.78276,1.967,NA
"PRMT3","PRMT3",9.523705042,9.754662063,10.56945691,"chr11;20530472;20530472;C;A",0.614108845,0.002885391,0.002885391,"11:20132635:20431468",1.68944,2.10262,1.7965,2.017,NA
"WLS","WLS",9.376071111,10.17824157,3.325597968,"chr1;68610299;68610299;T;G",0.830074999,0.462971976,0.002885391,"1:67779233:68712852",1.68421,2.07912,1.81763,2.033,NA
"PBK","PBK",10.90604126,11.00595431,9.920367744,"chr8;27679981;27679981;T;C",10.96506276,0.010124217,0.002885391,"8:27684902:28098308",1.69724,1.99513,1.78805,2.067,NA
"LARS","LARS",12.80667447,12.46687944,13.06997667,"chr5;145499996;145499996;C;T",10.96506276,0.007840752,0.002885391,"5:143542885:145638518",1.69213,2.15723,1.94207,2.083,NA
"SMYD4","SMYD4",8.421059156,8.830613443,8.620656051,"chr17;1684442;1684442;T;C",3.906890596,0.584962501,0.002885391,"17:1554512:1910556",1.69103,1.93341,1.7951,2.117,NA
"ASAP1","ASAP1",11.31405637,11.66541143,10.21828472,"chr8;131124559;131124559;T;C",10.96506276,0.002885391,6.022367828,"8:131062289:131849592",1.67947,2.16719,2.05285,2.15,NA
"MYO1C","MYO1C",9.914664674,10.41630142,10.92297828,"chr17;1373518;1373518;T;C",10.96506276,10.96506276,0.002885391,"17:1368790:1551489",1.69103,1.95441,1.7951,2.15,NA
"NBEAL2","NBEAL2",11.14919457,11.93934046,10.95367266,"chr3;47034042;47034042;A;C",1.584962501,0.610053481,0.584962501,"3:46850415:47487754",1.66493,2.01049,2.07878,2.167,NA
"RNF167","RNF167",9.962381285,12.16440416,10.74188827,"chr17;4848022;4848022;G;A",10.96506276,0.008387786,0.002885391,"17:4633013:5044333",1.2158,1.93708,1.79799,2.167,NA
"C2orf76","C2orf76",6.503606336,6.808719684,6.361620995,"chr2;120097737;120097737;A;G",2,2.321928097,0.002885391,"2:118863131:120622975",1.63996,1.97842,2.05722,2.25,NA
"PIGG","PIGG",9.299455316,10.03033608,8.777248739,"chr4;527677;527677;T;C",10.96506276,1.705256735,0.002885391,"4:11525:559937",1.64352,2.03796,1.83265,2.333,NA
"MCPH1","MCPH1",9.327597552,9.861361457,9.368537018,"chr8;6302457;6302457;T;C",10.96506276,0.156119202,0.002885391,"8:6160277:6825278",1.62172,1.98116,1.75648,2.55,NA
"PLEKHA2","PLEKHA2",10.93587959,12.47598416,11.27397622,"chr8;38829839;38829839;A;G",0.847996907,1.285817803,1.235628249,"8:38466185:38857139",1.65263,2.00175,1.84392,2.55,NA
"SERBP1","SERBP1",14.00533507,14.44261958,14.07923476,"chr1;67874859;67874859;T;C",1.178337241,0.510194732,0.35147237,"1:67779233:68712852",1.68421,2.07912,1.81763,2.667,NA
